id,Resort,Country,HighestPoint,LowestPoint,DayPassPriceAdult,BeginnerSlope,IntermediateSlope,DifficultSlope,TotalSlope,Snowparks,NightSki,SurfaceLifts,ChairLifts,GondolaLifts,TotalLifts,LiftCapacity,SnowCannons,longitude,latitude
0,Alpendorf (Ski amedé),Austria,1980.0,740.0,52.0,30.0,81.0,4.0,115.0,Yes,No,22.0,16.0,11.0,49.0,75398.0,600.0,9.53,47.17
1,Soldeu-Pas de la Casa/​Grau Roig/​El Tarter/​Canillo/​Encamp (Grandvalira),Andorra,2640.0,1710.0,47.0,100.0,77.0,33.0,210.0,Yes,Yes,37.0,28.0,7.0,72.0,99017.0,1032.0,9.53,47.17
2,Oberau (Wildschönau),Austria,1130.0,900.0,30.0,1.0,0.0,1.0,2.0,No,No,2.0,0.0,0.0,2.0,1932.0,0.0,9.53,47.17
3,Dachstein West,Austria,1620.0,780.0,42.0,15.0,33.0,3.0,51.0,Yes,Yes,25.0,8.0,3.0,36.0,32938.0,163.0,9.53,47.17
4,Rosa Khutor,Southern Russia,2320.0,940.0,22.0,30.0,26.0,21.0,77.0,Yes,No,6.0,11.0,10.0,27.0,49228.0,450.0,9.53,47.17
5,Białka Tatrzańska-Kotelnica-​Kaniówka-​Bania,Poland,910.0,680.0,23.0,12.0,3.0,0.0,16.0,Yes,Yes,7.0,1.0,0.0,8.0,28020.0,0.0,9.53,47.17
6,Vitosha-Sofia,Bulgaria,2290.0,726.0,18.0,12.0,6.0,2.0,20.0,No,Yes,8.0,5.0,2.0,15.0,12450.0,0.0,9.53,47.17
7,Szczyrk-Skrzyczne,Poland,1257.0,524.0,20.0,22.0,7.0,4.0,35.0,No,No,11.0,4.0,1.0,16.0,22500.0,0.0,9.53,47.17
8,Jahorina,Bosnia and Herzegovina,1889.0,920.0,20.0,3.0,19.0,3.0,25.0,No,Yes,5.0,5.0,1.0,11.0,16230.0,0.0,9.53,47.17
9,Kobla-Bohinj,Slovenia,1480.0,540.0,22.0,12.0,10.0,1.0,23.0,No,No,3.0,3.0,0.0,6.0,5720.0,30.0,9.53,47.17
10,Aillons-Margériaz,France,1785.0,1370.0,19.0,18.0,4.0,1.0,24.0,No,No,7.0,1.0,0.0,8.0,10025.0,0.0,9.53,47.17
11,Gornaya Karusel,Southern Russia,960.0,540.0,22.0,4.0,15.0,1.0,20.0,No,No,3.0,1.0,0.0,4.0,15740.0,0.0,9.53,47.17
12,Kaiseregg-​Riggisalp-Schwarzsee,Switzerland,1750.0,1050.0,34.0,14.0,5.0,1.0,20.0,Yes,Yes,11.0,3.0,1.0,15.0,5790.0,46.0,9.53,47.17
13,St. Pierre de Chartreuse-Le Planolet,France,1800.0,900.0,21.0,18.0,12.0,5.0,35.0,No,No,3.0,2.0,0.0,5.0,12610.0,35.0,9.53,47.17
14,Buchenberg-Buching-Halblech-,Germany,1140.0,810.0,25.0,2.0,4.0,0.0,6.0,No,No,2.0,1.0,0.0,3.0,2800.0,0.0,9.53,47.17
15,Méribel (Les 3 Vallées),France,3230.0,1110.0,61.0,312.0,216.0,72.0,600.0,Yes,Yes,62.0,63.0,40.0,165.0,250860.0,2383.0,9.53,47.17
16,​Les Menuires (Les 3 Vallées),France,3230.0,1110.0,61.0,312.0,216.0,72.0,600.0,Yes,Yes,62.0,63.0,40.0,165.0,250860.0,2383.0,9.53,47.17
17,Les Sybelles-Le Corbier-​La Toussuire-​Les Bottières-​St Colomban des Villards-​St Sorlin-​St Jean d’Arves,France,2620.0,1100.0,44.0,53.0,239.0,18.0,310.0,Yes,Yes,44.0,28.0,0.0,72.0,83807.0,514.0,9.53,47.17
18,Le Grand Massif-Flaine-​Les Carroz-​Morillon-​Samoëns-​Sixt,France,2476.0,694.0,47.0,135.0,95.0,35.0,265.0,Yes,No,34.0,29.0,9.0,72.0,97624.0,1100.0,9.53,47.17
19,Megève-​Saint-Gervais,France,2353.0,850.0,46.0,98.0,134.0,31.0,263.0,Yes,Yes,50.0,27.0,9.0,86.0,106362.0,888.0,9.53,47.17
20,Laax-​Flims-​Falera,Switzerland,3018.0,1100.0,68.0,88.0,81.0,19.0,188.0,Yes,No,13.0,9.0,11.0,33.0,46116.0,300.0,9.53,47.17
21,Vars-​Risoul-La Forêt Blanche,France,2750.0,1650.0,39.0,75.0,90.0,20.0,185.0,Yes,Yes,32.0,17.0,2.0,51.0,50145.0,0.0,9.53,47.17
22,Kicking Horse,France,1608.0,1500.0,39.0,56.0,93.0,30.0,180.0,Yes,No,21.0,13.0,4.0,38.0,40680.0,281.0,9.53,47.17
23,Le Grand Domaine-Valmorel-​Doucy-​Celliers-​St François Longchamp,France,2550.0,1250.0,44.0,115.0,35.0,15.0,165.0,Yes,No,36.0,17.0,3.0,56.0,60248.0,332.0,9.53,47.17
24,Galibier Thabor-Valmeinier-​Valloire,France,2594.0,1430.0,39.0,75.0,60.0,15.0,150.0,Yes,Yes,12.0,17.0,2.0,31.0,43300.0,400.0,9.53,47.17
25,Zillertal Arena-Zell am Ziller-​Gerlos-​Königsleiten-​Hochkrimml,Austria,2500.0,580.0,52.0,43.0,89.0,11.0,143.0,Yes,No,22.0,21.0,13.0,56.0,89415.0,792.0,9.53,47.17
26,La Molina-​Masella-Alp2500,Spain,2531.0,1616.0,45.0,76.0,47.0,18.0,141.0,Yes,Yes,19.0,13.0,1.0,33.0,39750.0,1010.0,9.53,47.17
27,Auron-Saint-Etienne-de-Tinée-,France,1600.0,1150.0,34.0,60.0,45.0,30.0,135.0,Yes,No,7.0,9.0,3.0,19.0,25030.0,440.0,9.53,47.17
28,Alta Badia,Italy,2550.0,1324.0,52.0,70.0,52.0,8.0,130.0,Yes,No,18.0,30.0,11.0,59.0,89327.0,391.0,9.53,47.17
29,La Clusaz-​Manigod,France,2477.0,1040.0,37.0,62.0,40.0,23.0,125.0,Yes,Yes,28.0,14.0,7.0,49.0,59346.0,223.0,9.53,47.17
30,Espace Villard Corrençon-Villard-de-Lans-​Corrençon-en-Vercors,France,2050.0,1050.0,36.0,50.0,50.0,25.0,125.0,Yes,No,18.0,7.0,3.0,28.0,26600.0,339.0,9.53,47.17
31,Val Cenis-Lanslevillard-​Lanslebourg-​Termignon,France,2800.0,1300.0,36.0,73.0,42.0,10.0,125.0,Yes,Yes,13.0,13.0,2.0,28.0,39824.0,200.0,9.53,47.17
32,Isola 2000,France,2603.0,1800.0,34.0,75.0,35.0,10.0,120.0,Yes,Yes,12.0,7.0,3.0,22.0,21807.0,430.0,9.53,47.17
33,Obersaxen-​Mundaun-​Val Lumnezia,Switzerland,2310.0,1201.0,51.0,60.0,40.0,20.0,120.0,Yes,Yes,10.0,9.0,0.0,19.0,20720.0,297.0,9.53,47.17
34,Les 7 Laux-Prapoutel-​Le Pleynet-​Pipay,France,2400.0,1350.0,36.0,46.0,36.0,38.0,120.0,Yes,No,15.0,8.0,1.0,24.0,32232.0,200.0,9.53,47.17
35,Corvatsch-​Furtschellas,Switzerland,3303.0,1797.0,69.0,13.0,89.0,17.0,120.0,Yes,Yes,5.0,6.0,3.0,14.0,18510.0,0.0,9.53,47.17
36,Nassfeld-Hermagor,Austria,2002.0,600.0,46.0,30.0,69.0,11.0,110.0,Yes,Yes,16.0,9.0,5.0,30.0,49386.0,483.0,9.53,47.17
37,Mondolè Ski-Artesina-​Frabosa Soprana-​Prato Nevoso,Italy,807.0,803.0,33.0,42.0,51.0,11.0,105.0,Yes,Yes,19.0,14.0,0.0,33.0,26068.0,0.0,9.53,47.17
38,Aletsch Arena-Riederalp-​Bettmeralp-​Fiesch Eggishorn,Switzerland,1845.0,759.0,53.0,42.0,50.0,12.0,104.0,Yes,Yes,18.0,8.0,12.0,38.0,41109.0,258.0,9.53,47.17
39,Bad Kleinkirchheim-​St. Oswald,Austria,2055.0,1087.0,47.0,18.0,77.0,8.0,103.0,Yes,Yes,17.0,7.0,4.0,28.0,31186.0,800.0,9.53,47.17
40,Bardonecchia,Italy,2694.0,1312.0,36.0,54.0,38.0,8.0,100.0,Yes,No,13.0,9.0,1.0,23.0,27588.0,0.0,9.53,47.17
41,Saint-Lary-Soulan,France,1600.0,812.0,42.0,60.0,30.0,10.0,100.0,Yes,Yes,17.0,11.0,3.0,31.0,38733.0,290.0,9.53,47.17
42,Orcières Merlette 1850,France,2725.0,1850.0,34.0,55.0,38.0,7.0,100.0,Yes,No,20.0,7.0,3.0,30.0,29605.0,0.0,9.53,47.17
43,Dévoluy-Superdévoluy-​La Joue du Loup,France,2450.0,1450.0,36.0,60.0,30.0,10.0,100.0,Yes,No,18.0,5.0,1.0,24.0,27646.0,180.0,9.53,47.17
44,Grand Tourmalet-​Pic du Midi-La Mongie-​Barèges,France,2500.0,1250.0,42.0,58.0,35.0,7.0,100.0,Yes,No,21.0,15.0,2.0,38.0,40231.0,0.0,9.53,47.17
45,Parsenn (Davos Klosters),Switzerland,2844.0,810.0,61.0,20.0,60.0,16.0,96.0,Yes,No,4.0,6.0,8.0,18.0,26795.0,169.0,9.53,47.17
46,Åre,Sweden,1274.0,380.0,45.0,45.0,38.0,8.0,91.0,Yes,Yes,27.0,5.0,4.0,36.0,39000.0,0.0,9.53,47.17
47,Alto Sangro-Roccaraso-​Rivisondoli,Italy,2141.0,1309.0,41.0,37.0,32.0,20.0,90.0,No,No,11.0,11.0,4.0,26.0,36602.0,0.0,9.53,47.17
48,Chamrousse,France,2250.0,1400.0,34.0,45.0,35.0,10.0,90.0,Yes,Yes,8.0,7.0,1.0,16.0,24398.0,78.0,9.53,47.17
49,Valberg-​Beuil les Launes,France,2020.0,1412.0,32.0,45.0,35.0,10.0,90.0,Yes,No,22.0,7.0,0.0,29.0,25940.0,400.0,9.53,47.17
50,Adelboden-​Lenk-Chuenisbärgli-​Silleren-​Hahnenmoos-​Metsch,Switzerland,1260.0,1072.0,55.0,44.0,38.0,6.0,88.0,Yes,Yes,12.0,8.0,6.0,26.0,34620.0,500.0,9.53,47.17
51,Rinderberg-​Saanerslochgrat-​Horneggli-Zweisimmen-​Saanenmöser-​Schönried-​St. Stephan,Switzerland,2011.0,948.0,54.0,62.0,21.0,4.0,88.0,Yes,Yes,9.0,8.0,4.0,21.0,18360.0,0.0,9.53,47.17
52,Graukogel-Bad Gastein,Austria,2007.0,1079.0,36.0,3.0,6.0,2.0,11.0,No,No,1.0,2.0,0.0,3.0,3352.0,0.0,9.53,47.17
53,Les Portes du Mont-Blanc-Combloux-​Megève le Jaillet-​La Giettaz,France,1835.0,1113.0,35.0,28.0,50.0,7.0,85.0,No,No,16.0,8.0,1.0,25.0,29842.0,0.0,9.53,47.17
54,Le Grand Bornand,France,2100.0,1000.0,37.0,49.0,27.0,8.0,84.0,Yes,Yes,18.0,13.0,2.0,33.0,36904.0,233.0,9.53,47.17
55,Kaltenbach-Hochzillertal-​Hochfügen-SKi-optimal-,Austria,2378.0,600.0,52.0,28.0,41.0,13.0,83.0,Yes,Yes,22.0,12.0,5.0,39.0,59933.0,400.0,9.53,47.17
56,Grimentz-​Zinal,Switzerland,2900.0,1570.0,51.0,26.0,28.0,26.0,80.0,Yes,No,13.0,5.0,3.0,21.0,19345.0,96.0,9.53,47.17
57,Civetta-Alleghe-​Selva di Cadore-​Palafavera-​Zoldo,Italy,2100.0,1000.0,43.0,30.0,44.0,6.0,80.0,Yes,Yes,10.0,10.0,3.0,23.0,33289.0,100.0,9.53,47.17
58,Ax les Thermes,France,1400.0,720.0,37.0,40.0,25.0,15.0,80.0,Yes,No,11.0,6.0,2.0,19.0,21320.0,0.0,9.53,47.17
59,Damüls Mellau,Austria,2050.0,690.0,49.0,37.0,39.0,1.0,79.0,Yes,No,10.0,13.0,2.0,25.0,37160.0,130.0,9.53,47.17
60,Zell am See,Austria,2000.0,760.0,50.0,30.0,28.0,19.0,77.0,Yes,Yes,9.0,10.0,8.0,27.0,48407.0,450.0,9.53,47.17
61,Cerler,Spain,2621.0,1505.0,42.0,35.0,27.0,14.0,76.0,Yes,No,10.0,9.0,0.0,19.0,20670.0,0.0,9.53,47.17
62,Three Peaks Dolomites-Helm-​Stiergarten-​Rotwand-​Kreuzbergpass,Italy,2200.0,1130.0,51.0,17.0,39.0,18.0,75.0,Yes,No,20.0,4.0,6.0,30.0,21535.0,250.0,9.53,47.17
63,Puy St. Vincent,France,2677.0,1407.0,34.0,28.0,34.0,13.0,75.0,Yes,Yes,4.0,8.0,0.0,12.0,17155.0,95.0,9.53,47.17
64,Folgaria-​Fiorentini,Italy,1850.0,1200.0,40.0,36.0,32.0,5.0,74.0,Yes,No,13.0,17.0,0.0,30.0,35900.0,280.0,9.53,47.17
65,Titlis-Engelberg,Switzerland,3020.0,1000.0,57.0,34.0,26.0,12.0,72.0,Yes,No,7.0,6.0,7.0,20.0,23316.0,180.0,9.53,47.17
66,Trysil,Norway,1100.0,415.0,46.0,33.0,18.0,20.0,71.0,Yes,Yes,29.0,7.0,0.0,36.0,36182.0,418.0,9.53,47.17
67,Nauders am Reschenpass-Bergkastel,Austria,2850.0,1400.0,42.0,24.0,34.0,13.0,71.0,Yes,No,11.0,5.0,1.0,17.0,17651.0,92.0,9.53,47.17
68,Grossarltal-​Dorfgastein,Austria,2033.0,850.0,50.0,25.0,43.0,1.0,70.0,Yes,No,7.0,8.0,5.0,20.0,29710.0,0.0,9.53,47.17
69,Katschberg,Austria,2220.0,1066.0,46.0,10.0,50.0,10.0,70.0,Yes,Yes,9.0,6.0,2.0,17.0,26458.0,750.0,9.53,47.17
70,Valfréjus,France,2737.0,1550.0,29.0,40.0,20.0,10.0,70.0,Yes,No,5.0,4.0,1.0,10.0,15800.0,80.0,9.53,47.17
71,Savognin,Switzerland,2713.0,1200.0,50.0,32.0,38.0,0.0,70.0,Yes,Yes,10.0,2.0,1.0,13.0,14000.0,100.0,9.53,47.17
72,Scuol-Motta Naluns,Switzerland,2785.0,1250.0,50.0,27.0,32.0,11.0,70.0,Yes,No,6.0,6.0,1.0,13.0,18000.0,136.0,9.53,47.17
73,Passo San Pellegrino-​Falcade,Italy,2513.0,1190.0,47.0,20.0,38.0,8.0,67.0,Yes,No,6.0,9.0,2.0,17.0,24030.0,0.0,9.53,47.17
74,Piau Engaly,France,2560.0,1420.0,37.0,35.0,22.0,8.0,65.0,Yes,No,5.0,5.0,0.0,10.0,13615.0,40.0,9.53,47.17
75,Flumserberg,Switzerland,665.0,425.0,51.0,10.0,38.0,17.0,65.0,Yes,Yes,9.0,8.0,4.0,21.0,30867.0,0.0,9.53,47.17
76,Super Sauze,France,2450.0,1400.0,30.0,35.0,20.0,10.0,65.0,Yes,No,18.0,4.0,0.0,22.0,17948.0,100.0,9.53,47.17
77,Bukovel,Ukraine,1372.0,890.0,32.0,26.0,28.0,11.0,65.0,Yes,Yes,3.0,15.0,0.0,18.0,33839.0,0.0,9.53,47.17
78,La Norma,France,2750.0,1350.0,29.0,17.0,43.0,5.0,65.0,Yes,No,7.0,5.0,1.0,13.0,13290.0,126.0,9.53,47.17
79,Pal-​Arinsal-La Massana-Vallnord-,Andorra,1550.0,1230.0,37.0,31.0,24.0,8.0,63.0,Yes,No,15.0,12.0,4.0,31.0,37400.0,296.0,9.53,47.17
80,Arabba,Italy,2478.0,1602.0,49.0,32.0,22.0,8.0,62.0,Yes,No,3.0,16.0,4.0,23.0,43973.0,620.0,9.53,47.17
81,Wildkogel-Neukirchen-​Bramberg,Austria,2150.0,820.0,44.0,28.0,25.0,9.0,62.0,Yes,Yes,15.0,4.0,5.0,24.0,27388.0,335.0,9.53,47.17
82,Hintertux Glacier,Austria,3250.0,1500.0,52.0,14.0,35.0,11.0,60.0,Yes,No,10.0,6.0,6.0,22.0,38852.0,260.0,9.53,47.17
83,Disentis 3000,Switzerland,2833.0,1227.0,49.0,20.0,30.0,10.0,60.0,Yes,No,9.0,3.0,1.0,13.0,10990.0,4.0,9.53,47.17
84,Belalp-Blatten,Switzerland,3118.0,1322.0,49.0,20.0,20.0,20.0,60.0,Yes,No,8.0,3.0,2.0,13.0,13640.0,0.0,9.53,47.17
85,San Martino di Castrozza,Italy,2357.0,1404.0,44.0,16.0,32.0,12.0,60.0,Yes,Yes,7.0,14.0,3.0,24.0,29859.0,150.0,9.53,47.17
86,Meiringen-Hasliberg,Switzerland,1055.0,600.0,50.0,20.0,34.0,6.0,60.0,No,Yes,6.0,4.0,5.0,15.0,16381.0,75.0,9.53,47.17
87,Toggenburg-Wildhaus-​Unterwasser-​Alt St. Johann,Switzerland,2262.0,900.0,52.0,10.0,45.0,5.0,60.0,Yes,Yes,18.0,3.0,4.0,25.0,19956.0,55.0,9.53,47.17
88,Alpe di Siusi-Seiser Alm-,Italy,1669.0,1000.0,54.0,14.0,45.0,1.0,60.0,Yes,No,9.0,15.0,3.0,27.0,35624.0,70.0,9.53,47.17
89,Le Lioran,France,1850.0,1160.0,31.0,30.0,20.0,10.0,60.0,Yes,Yes,13.0,8.0,1.0,22.0,25195.0,241.0,9.53,47.17
90,Saint Luc-​Chandolin-Anniviers-,Switzerland,3025.0,1655.0,47.0,20.0,30.0,10.0,60.0,Yes,No,11.0,3.0,1.0,15.0,10350.0,104.0,9.53,47.17
91,Les Karellis,France,2520.0,1600.0,27.0,26.0,25.0,9.0,60.0,Yes,No,10.0,6.0,0.0,16.0,17452.0,98.0,9.53,47.17
92,Peyragudes,France,2400.0,1600.0,40.0,30.0,26.0,4.0,60.0,Yes,No,8.0,9.0,0.0,17.0,22791.0,230.0,9.53,47.17
93,Leysin,Switzerland,2205.0,1250.0,45.0,43.0,15.0,2.0,60.0,Yes,No,8.0,7.0,1.0,16.0,12980.0,72.0,9.53,47.17
94,Ponte di Legno-Passo ​Tonale-​Presena Glacier-​Temù-Pontedilegno-Tonale-,Italy,3016.0,1121.0,42.0,10.0,40.0,9.0,59.0,Yes,Yes,7.0,19.0,4.0,30.0,49825.0,0.0,9.53,47.17
95,Eggli-​La Videmanette-Gstaad-​Saanen-​Rougemont,Switzerland,2151.0,992.0,54.0,35.0,17.0,5.0,58.0,No,No,8.0,4.0,5.0,17.0,15363.0,0.0,9.53,47.17
96,Anzère,Switzerland,2420.0,1500.0,46.0,12.0,37.0,9.0,58.0,Yes,No,10.0,3.0,1.0,14.0,12462.0,120.0,9.53,47.17
97,Borovets,Bulgaria,2560.0,1300.0,28.0,24.0,29.0,5.0,58.0,Yes,Yes,8.0,4.0,2.0,14.0,15800.0,160.0,9.53,47.17
98,Font-Romeu-​Bolquère Pyrénées 2000,France,2213.0,1650.0,38.0,30.0,19.0,9.0,58.0,Yes,No,15.0,8.0,1.0,24.0,27378.0,535.0,9.53,47.17
99,Oppdal,Norway,1300.0,585.0,44.0,40.0,7.0,9.0,56.0,No,No,1.0,0.0,0.0,1.0,0.0,0.0,9.53,47.17
100,Brévent-​Flégère-Chamonix-,France,2525.0,1030.0,51.0,11.0,25.0,20.0,56.0,Yes,No,6.0,8.0,5.0,19.0,26734.0,0.0,9.53,47.17
101,Les Houches-​Saint-Gervais-Prarion-​Bellevue-Chamonix-,France,1000.0,584.0,43.0,25.0,25.0,5.0,55.0,Yes,No,5.0,8.0,3.0,16.0,19859.0,133.0,9.53,47.17
102,Ylläs,Finland,718.0,200.0,42.0,21.0,28.0,6.0,55.0,Yes,Yes,27.0,1.0,1.0,29.0,28284.0,36.0,9.53,47.17
103,Belvedere-​Col Rodella-​Ciampac-​Buffaure-Canazei-​Campitello-​Alba-​Pozza di Fassa,Italy,2428.0,1320.0,48.0,7.0,40.0,7.0,55.0,Yes,Yes,11.0,18.0,10.0,39.0,56216.0,0.0,9.53,47.17
104,Lauchernalp-Lötschental,Switzerland,3111.0,1419.0,48.0,20.0,17.0,18.0,55.0,Yes,No,2.0,2.0,2.0,6.0,6800.0,28.0,9.53,47.17
105,Grossglockner Heiligenblut,Austria,2989.0,1301.0,44.0,20.0,34.0,1.0,55.0,No,No,8.0,1.0,4.0,13.0,12500.0,60.0,9.53,47.17
106,Brandnertal-Brand-​Bürserberg,Austria,2000.0,904.0,46.0,22.0,30.0,3.0,55.0,Yes,Yes,6.0,6.0,3.0,15.0,18963.0,82.0,9.53,47.17
107,Alpe du Grand-Serre-La Morte,France,2184.0,1367.0,27.0,36.0,17.0,2.0,55.0,Yes,No,12.0,3.0,0.0,15.0,13486.0,0.0,9.53,47.17
108,Les Angles,France,2376.0,1600.0,38.0,22.0,23.0,10.0,55.0,Yes,Yes,15.0,4.0,1.0,20.0,21787.0,363.0,9.53,47.17
109,Kopaonik,Serbia,2017.0,1057.0,30.0,30.0,19.0,6.0,55.0,Yes,Yes,14.0,13.0,0.0,27.0,35052.0,315.0,9.53,47.17
110,Aussois,France,2750.0,1500.0,29.0,30.0,22.0,3.0,55.0,Yes,No,4.0,4.0,0.0,8.0,9228.0,130.0,9.53,47.17
111,First-Grindelwald,Switzerland,2501.0,1050.0,55.0,30.0,15.0,8.0,53.0,Yes,No,3.0,3.0,3.0,9.0,12720.0,38.0,9.53,47.17
112,Sörenberg-Rothorn-​Dorf,Switzerland,2350.0,1110.0,44.0,30.0,15.0,8.0,53.0,Yes,Yes,12.0,3.0,2.0,17.0,20930.0,0.0,9.53,47.17
113,Riserva Bianca-Limone Piemonte,Italy,2060.0,1046.0,34.0,11.0,35.0,5.0,52.0,No,No,5.0,11.0,1.0,17.0,20655.0,0.0,9.53,47.17
114,Gitschberg Jochtal,Italy,1354.0,772.0,46.0,17.0,25.0,9.0,51.0,Yes,No,14.0,4.0,6.0,24.0,23617.0,90.0,9.53,47.17
115,Schilthorn-Mürren-​Lauterbrunnen,Switzerland,2970.0,796.0,55.0,19.0,23.0,9.0,51.0,Yes,No,3.0,7.0,6.0,16.0,13852.0,38.0,9.53,47.17
116,Pila,Italy,1540.0,570.0,42.0,8.0,35.0,6.0,50.0,Yes,No,5.0,8.0,4.0,17.0,22154.0,480.0,9.53,47.17
117,Brigels-​Waltensburg-​Andiast,Switzerland,2418.0,1110.0,49.0,13.0,33.0,3.0,50.0,Yes,Yes,9.0,4.0,0.0,13.0,10030.0,100.0,9.53,47.17
118,Aprica,Italy,2270.0,1162.0,38.0,28.0,14.0,7.0,50.0,Yes,No,10.0,4.0,2.0,16.0,13965.0,0.0,9.53,47.17
119,Bormio-Cima Bianca,Italy,3012.0,1225.0,40.0,14.0,34.0,2.0,50.0,Yes,Yes,8.0,5.0,2.0,15.0,17630.0,240.0,9.53,47.17
120,Sedrun-Oberalp,Switzerland,2300.0,1500.0,53.0,10.0,35.0,5.0,50.0,Yes,No,7.0,5.0,0.0,12.0,12100.0,0.0,9.53,47.17
121,Grosseck-​Speiereck-Mauterndorf-​St. Michael,Austria,2400.0,1095.0,41.0,26.0,17.0,7.0,50.0,No,Yes,6.0,4.0,2.0,12.0,14286.0,150.0,9.53,47.17
122,Hirmentaz-​Les Habères-Bellevaux-​Habère-Poche,France,1610.0,923.0,24.0,30.0,17.0,3.0,50.0,Yes,No,27.0,6.0,0.0,33.0,29480.0,0.0,9.53,47.17
123,Pragelato,Italy,2700.0,1335.0,0.0,14.0,32.0,4.0,50.0,No,No,4.0,1.0,0.0,5.0,3660.0,0.0,9.53,47.17
124,Porté Puymorens,France,2471.0,1600.0,30.0,21.0,20.0,9.0,50.0,Yes,No,5.0,4.0,0.0,9.0,7380.0,70.0,9.53,47.17
125,Mythenregion,Switzerland,1070.0,573.0,39.0,18.0,31.0,1.0,50.0,Yes,No,11.0,0.0,4.0,15.0,12592.0,55.0,9.53,47.17
126,Candanchú,Spain,2236.0,1514.0,41.0,15.0,18.0,15.0,50.0,No,No,19.0,6.0,0.0,25.0,19650.0,0.0,9.53,47.17
127,Zugspitze,Germany,2000.0,700.0,45.0,7.0,13.0,0.0,20.0,No,No,4.0,2.0,4.0,10.0,13150.0,0.0,9.53,47.17
128,Lindvallen-​Högfjället-Sälen-,Sweden,887.0,579.0,41.0,22.0,17.0,3.0,42.0,Yes,Yes,49.0,4.0,0.0,53.0,50505.0,0.0,9.53,47.17
129,Jasná Nízke Tatry-Chopok,Slovakia,2004.0,943.0,39.0,19.0,17.0,7.0,44.0,Yes,Yes,19.0,8.0,5.0,32.0,35225.0,527.0,9.53,47.17
130,Tandådalen-​Hundfjället-Sälen-,Sweden,872.0,572.0,41.0,18.0,15.0,12.0,45.0,Yes,Yes,42.0,4.0,0.0,46.0,42636.0,0.0,9.53,47.17
131,Sheregesh-Kemerovo,Siberia,1270.0,670.0,0.0,0.0,0.0,0.0,0.0,No,No,3.0,5.0,4.0,12.0,19919.0,0.0,9.53,47.17
132,Gazprom Mountain Resort-Laura-– Esto-Sadok-Sotschi-,Southern Russia,949.0,547.0,32.0,7.0,10.0,2.0,20.0,No,Yes,6.0,6.0,6.0,18.0,27874.0,0.0,9.53,47.17
133,Steinplatte-​Winklmoosalm-Waidring-​Reit im Winkl,Austria,1860.0,740.0,46.0,18.0,22.0,2.0,42.0,Yes,No,3.0,9.0,2.0,14.0,31940.0,107.0,9.53,47.17
134,Rigi,Switzerland,1315.0,439.0,44.0,4.0,4.0,0.0,9.0,No,No,4.0,0.0,3.0,7.0,6500.0,0.0,9.53,47.17
135,Métabief,France,1420.0,1000.0,26.0,19.0,18.0,2.0,40.0,No,No,20.0,8.0,0.0,28.0,24745.0,0.0,9.53,47.17
136,Latemar-Obereggen-​Pampeago-​Predazzo,Italy,1540.0,1050.0,47.0,9.0,32.0,7.0,48.0,Yes,Yes,6.0,13.0,3.0,22.0,36540.0,200.0,9.53,47.17
137,Mariborsko Pohorje-Maribor,Slovenia,1327.0,325.0,31.0,23.0,13.0,5.0,41.0,No,Yes,16.0,5.0,1.0,22.0,23436.0,92.0,9.53,47.17
138,Praz de Lys-​Sommand-Taninges-​Mieussy-,France,1966.0,1240.0,29.0,22.0,16.0,6.0,45.0,Yes,No,18.0,6.0,0.0,24.0,26205.0,60.0,9.53,47.17
139,Espace Dôle-La Dôle-​Les Tuffes,France,1678.0,1137.0,27.0,17.0,8.0,2.0,28.0,Yes,No,18.0,3.0,0.0,21.0,19380.0,0.0,9.53,47.17
140,Kreischberg,Austria,2118.0,868.0,44.0,17.0,16.0,9.0,42.0,Yes,No,7.0,4.0,3.0,14.0,18808.0,110.0,9.53,47.17
141,Garmisch-Classic-Garmisch-Partenkirchen,Germany,2050.0,732.0,43.0,12.0,18.0,10.0,40.0,Yes,No,11.0,4.0,4.0,19.0,21090.0,0.0,9.53,47.17
142,Aiguille du Midi-Chamonix-,France,3842.0,1035.0,60.0,0.0,0.0,0.0,0.0,No,No,0.0,0.0,5.0,5.0,4820.0,0.0,9.53,47.17
143,Carezza Ski,Italy,2337.0,1200.0,41.0,21.0,14.0,3.0,40.0,Yes,No,13.0,5.0,2.0,20.0,19200.0,175.0,9.53,47.17
144,Pizol-Bad Ragaz-​Wangs,Switzerland,510.0,490.0,51.0,14.0,21.0,8.0,43.0,Yes,Yes,5.0,4.0,2.0,11.0,12786.0,62.0,9.53,47.17
145,SuperBesse-Puy de Sancy,France,1850.0,1300.0,32.0,30.0,9.0,4.0,43.0,Yes,Yes,16.0,5.0,1.0,22.0,21245.0,299.0,9.53,47.17
146,Stöten,Sweden,830.0,443.0,41.0,26.0,3.0,3.0,32.0,No,No,17.0,2.0,0.0,19.0,19250.0,0.0,9.53,47.17
147,Fellhorn-​Kanzelwand-Oberstdorf-​Riezlern,Austria,1967.0,920.0,45.0,13.0,19.0,2.0,34.0,Yes,Yes,7.0,6.0,4.0,17.0,22076.0,110.0,9.53,47.17
148,Idre Fjäll,Sweden,890.0,588.0,40.0,17.0,22.0,2.0,41.0,Yes,Yes,21.0,4.0,0.0,25.0,24760.0,0.0,9.53,47.17
149,Großglockner Resort Kals-Matrei,Austria,2422.0,933.0,47.0,8.0,22.0,6.0,37.0,Yes,No,9.0,5.0,3.0,17.0,18276.0,0.0,9.53,47.17
150,Pamporovo,Bulgaria,1926.0,1620.0,28.0,17.0,6.0,5.0,29.0,Yes,Yes,6.0,7.0,0.0,13.0,14266.0,130.0,9.53,47.17
151,Abetone-​Val di Luce,Italy,1892.0,1240.0,30.0,14.0,28.0,1.0,44.0,Yes,No,6.0,10.0,1.0,17.0,24056.0,110.0,9.53,47.17
152,Gerlitzen,Austria,1000.0,520.0,45.0,10.0,27.0,3.0,41.0,Yes,No,10.0,7.0,1.0,18.0,22220.0,120.0,9.53,47.17
153,Paganella-Andalo,Italy,2125.0,1030.0,40.0,9.0,22.0,1.0,33.0,Yes,Yes,4.0,12.0,2.0,18.0,23996.0,0.0,9.53,47.17
154,Melchsee-Frutt-Kerns-,Switzerland,2255.0,1080.0,44.0,20.0,6.0,10.0,36.0,Yes,Yes,5.0,4.0,2.0,11.0,14150.0,110.0,9.53,47.17
155,Vall de Núria,Spain,1964.0,912.0,30.0,4.0,2.0,1.0,7.0,No,No,3.0,1.0,2.0,6.0,4840.0,0.0,9.53,47.17
156,Arêches-Beaufort-,France,2300.0,1050.0,29.0,15.0,20.0,15.0,50.0,Yes,No,9.0,5.0,0.0,14.0,14462.0,45.0,9.53,47.17
157,Špindlerův Mlýn,Czech Republic,1235.0,702.0,34.0,8.0,13.0,2.0,24.0,Yes,Yes,17.0,6.0,0.0,23.0,21638.0,0.0,9.53,47.17
158,Les Mosses-​La Lécherette,Switzerland,1870.0,1445.0,31.0,10.0,30.0,0.0,40.0,No,No,14.0,0.0,0.0,14.0,10540.0,0.0,9.53,47.17
159,Cimone-Montecreto-​Sestola-​Le Polle,Italy,1976.0,900.0,35.0,15.0,25.0,10.0,50.0,Yes,No,6.0,13.0,1.0,20.0,23746.0,0.0,9.53,47.17
160,Luchon Superbagnères,France,1440.0,635.0,34.0,16.0,10.0,6.0,32.0,Yes,No,7.0,5.0,1.0,13.0,15965.0,180.0,9.53,47.17
161,Lélex-​Crozet,France,900.0,640.0,28.0,16.0,7.0,4.0,28.0,Yes,No,15.0,2.0,2.0,19.0,16750.0,120.0,9.53,47.17
162,Alpika Service,Southern Russia,2228.0,535.0,0.0,10.0,10.0,5.0,25.0,No,No,1.0,1.0,7.0,9.0,18120.0,0.0,9.53,47.17
163,Sinaia,Romania,880.0,834.0,32.0,3.0,11.0,4.0,20.0,No,No,2.0,3.0,4.0,9.0,9864.0,0.0,9.53,47.17
164,Gourette-Eaux Bonnes-,France,2450.0,1350.0,38.0,18.0,13.0,4.0,35.0,Yes,No,4.0,5.0,3.0,12.0,19660.0,158.0,9.53,47.17
165,Rauriser Hochalmbahnen-Rauris,Austria,2175.0,940.0,43.0,15.0,12.0,5.0,32.0,Yes,No,6.0,1.0,3.0,10.0,11927.0,35.0,9.53,47.17
166,Hoch-Ybrig-Unteriberg-​Oberiberg,Switzerland,1850.0,1035.0,46.0,15.0,30.0,5.0,50.0,Yes,No,8.0,5.0,1.0,14.0,16650.0,0.0,9.53,47.17
167,Meran 2000,Italy,1609.0,648.0,39.0,12.0,25.0,3.0,40.0,Yes,No,3.0,5.0,2.0,10.0,9478.0,0.0,9.53,47.17
168,Nätschen-Andermatt,Switzerland,2344.0,1444.0,44.0,8.0,5.0,8.0,21.0,No,No,1.0,4.0,2.0,7.0,13600.0,0.0,9.53,47.17
169,Albiez-Montrond,France,2200.0,1500.0,25.0,25.0,7.0,3.0,35.0,No,No,8.0,5.0,0.0,13.0,10432.0,0.0,9.53,47.17
170,Tarvisio-Monte Lussari,Italy,1752.0,754.0,35.0,9.0,11.0,5.0,25.0,Yes,Yes,5.0,8.0,2.0,15.0,17354.0,0.0,9.53,47.17
171,Mount Parnassos-Fterolakka-​Kellaria,Greece,2300.0,1600.0,30.0,18.0,15.0,3.0,36.0,No,No,9.0,3.0,5.0,17.0,20052.0,0.0,9.53,47.17
172,Moelltal Glacier-Mölltaler Gletscher-,Austria,2108.0,1222.0,47.0,5.0,7.0,4.0,17.0,Yes,No,2.0,5.0,2.0,9.0,15610.0,45.0,9.53,47.17
173,Wendelstein-Brannenburg-​Osterhofen,Germany,1723.0,791.0,35.0,0.0,7.0,4.0,11.0,No,No,2.0,0.0,2.0,4.0,3250.0,0.0,9.53,47.17
174,Glenshee,United Kingdom,900.0,650.0,33.0,24.0,10.0,2.0,36.0,No,No,18.0,3.0,0.0,21.0,16255.0,6.0,9.53,47.17
175,Sulden am Ortler-Solda all'Ortles-,Italy,3250.0,1900.0,41.0,17.0,13.0,14.0,44.0,Yes,Yes,4.0,6.0,3.0,13.0,15418.0,0.0,9.53,47.17
176,Poiana Brașov,Romania,1799.0,1021.0,32.0,5.0,2.0,5.0,13.0,No,Yes,5.0,2.0,3.0,10.0,11038.0,145.0,9.53,47.17
177,Hinterstoder-Höss,Austria,2000.0,600.0,44.0,12.0,18.0,10.0,40.0,Yes,No,15.0,2.0,2.0,19.0,18464.0,267.0,9.53,47.17
178,St. Jean Montclar,France,2500.0,1350.0,28.0,25.0,20.0,5.0,50.0,No,No,10.0,4.0,0.0,14.0,13320.0,0.0,9.53,47.17
179,Port del Comte,Spain,2310.0,1745.0,33.0,20.0,15.0,5.0,40.0,No,No,11.0,5.0,0.0,16.0,13750.0,0.0,9.53,47.17
180,Tänndalen,Sweden,1038.0,743.0,41.0,20.0,15.0,3.0,38.0,No,No,15.0,2.0,0.0,17.0,19270.0,0.0,9.53,47.17
181,Feldberg-Seebuck-​Grafenmatt-​Fahl,Germany,1448.0,888.0,35.0,7.0,14.0,5.0,26.0,Yes,No,9.0,5.0,0.0,14.0,17624.0,0.0,9.53,47.17
182,Pitztal Glacier-Pitztaler Gletscher-,Austria,2685.0,1740.0,48.0,3.0,16.0,0.0,20.0,Yes,No,3.0,1.0,3.0,7.0,10935.0,0.0,9.53,47.17
183,Tauplitz-Bad Mitterndorf,Austria,896.0,812.0,41.0,18.0,18.0,6.0,42.0,No,No,14.0,4.0,1.0,19.0,18525.0,135.0,9.53,47.17
184,Hochoetz-Oetz,Austria,1410.0,820.0,37.0,12.0,21.0,3.0,36.0,Yes,No,7.0,6.0,2.0,15.0,17422.0,89.0,9.53,47.17
185,Rosshütte-Seefeld,Austria,2064.0,1230.0,44.0,10.0,9.0,1.0,20.0,Yes,Yes,8.0,3.0,2.0,13.0,12363.0,208.0,9.53,47.17
186,Malbun,Liechtenstein,2000.0,1600.0,42.0,11.0,9.0,3.0,23.0,Yes,No,6.0,3.0,0.0,9.0,8800.0,16.0,9.53,47.17
187,Špičák,Czech Republic,1202.0,854.0,23.0,3.0,3.0,0.0,8.0,Yes,Yes,11.0,1.0,0.0,12.0,7390.0,30.0,9.53,47.17
188,Riesneralm-Donnersbachwald,Austria,1820.0,950.0,40.0,15.0,12.0,3.0,30.0,No,No,5.0,3.0,0.0,8.0,6880.0,137.0,9.53,47.17
189,Berwang-​Bichlbach-​Rinnen,Austria,1743.0,1067.0,42.0,24.0,10.0,1.0,36.0,No,Yes,11.0,3.0,1.0,15.0,15623.0,130.0,9.53,47.17
190,Glungezer-Tulfes,Austria,2304.0,950.0,30.0,7.0,15.0,0.0,23.0,Yes,No,6.0,2.0,0.0,8.0,7116.0,2.0,9.53,47.17
191,Fanningberg,Austria,2115.0,1497.0,41.0,11.0,5.0,7.0,24.0,Yes,No,4.0,2.0,0.0,6.0,7162.0,36.0,9.53,47.17
192,Turracher Höhe,Austria,2205.0,1400.0,45.0,14.0,24.0,3.0,42.0,Yes,Yes,12.0,5.0,1.0,18.0,18268.0,220.0,9.53,47.17
193,Indoor ski area Snow Arena-Druskininkai,Lithuania,163.0,97.0,29.0,1.0,0.0,0.0,1.0,Yes,Yes,4.0,1.0,0.0,5.0,2800.0,16.0,9.53,47.17
194,Niedere-Andelsbuch-​Bezau,Austria,1715.0,655.0,31.0,5.0,4.0,1.0,10.0,No,No,5.0,2.0,1.0,8.0,6043.0,2.0,9.53,47.17
195,Wurzeralm-Spital am Pyhrn,Austria,1870.0,810.0,41.0,10.0,10.0,2.0,22.0,No,No,5.0,2.0,1.0,8.0,9048.0,57.0,9.53,47.17
196,Präbichl-Vordernberg,Austria,1608.0,1100.0,37.0,6.0,11.0,3.0,20.0,Yes,No,4.0,2.0,0.0,6.0,6624.0,90.0,9.53,47.17
197,Pfelders-Moos in Passeier-,Italy,2502.0,1601.0,33.0,5.0,9.0,4.0,18.0,Yes,Yes,4.0,1.0,1.0,6.0,4300.0,35.0,9.53,47.17
198,Mitterdorf-Almberg-– Mitterfirmiansreut,Germany,1139.0,841.0,23.0,2.0,2.0,1.0,6.0,No,Yes,9.0,1.0,0.0,10.0,6266.0,31.0,9.53,47.17
199,Lavarone,Italy,1650.0,1150.0,36.0,19.0,5.0,2.0,27.0,No,No,9.0,6.0,0.0,15.0,12040.0,70.0,9.53,47.17
200,Geißkopf-Bischofsmais,Germany,1116.0,835.0,24.0,1.0,5.0,0.0,8.0,Yes,Yes,8.0,1.0,0.0,9.0,6950.0,16.0,9.53,47.17
201,Donovaly-Park Snow-,Slovakia,1361.0,914.0,26.0,5.0,5.0,0.0,11.0,Yes,Yes,23.0,1.0,1.0,25.0,13620.0,30.0,9.53,47.17
202,Indoor ski area Snow Dome Bispingen,Germany,122.0,90.0,37.0,0.0,0.0,0.0,0.0,Yes,Yes,2.0,1.0,0.0,3.0,3710.0,12.0,9.53,47.17
203,Sudelfeld-Bayrischzell,Germany,1563.0,850.0,33.0,5.0,24.0,3.0,32.0,Yes,No,10.0,5.0,0.0,15.0,17477.0,100.0,9.53,47.17
204,Grüntenlifte-Kranzegg-Rettenberg-,Germany,1700.0,900.0,31.0,2.0,14.0,0.0,16.0,Yes,No,8.0,1.0,0.0,9.0,7420.0,12.0,9.53,47.17
205,Grebenzen-St. Lambrecht,Austria,1870.0,1010.0,34.0,2.0,9.0,0.0,12.0,No,No,6.0,1.0,0.0,7.0,6790.0,25.0,9.53,47.17
206,Kirchdorf,Austria,780.0,640.0,30.0,3.0,2.0,0.0,5.0,No,No,3.0,1.0,0.0,4.0,3570.0,6.0,9.53,47.17
207,Nebelhorn-Oberstdorf,Germany,2224.0,828.0,44.0,2.0,5.0,4.0,11.0,No,No,3.0,2.0,3.0,8.0,5990.0,30.0,9.53,47.17
208,Lachtal,Austria,2222.0,1600.0,41.0,7.0,16.0,2.0,25.0,No,No,8.0,2.0,0.0,10.0,10620.0,53.0,9.53,47.17
209,Ramsau am Dachstein-Rittisberg,Austria,1636.0,1035.0,36.0,14.0,10.0,1.0,25.0,No,No,14.0,1.0,0.0,15.0,10815.0,40.0,9.53,47.17
210,Eibenstock,Germany,745.0,650.0,18.0,0.0,0.0,0.0,1.0,Yes,Yes,2.0,1.0,0.0,3.0,1980.0,8.0,9.53,47.17
211,Bürchen-​Törbel-Moosalp,Switzerland,2550.0,1480.0,39.0,5.0,15.0,5.0,25.0,No,Yes,8.0,1.0,0.0,9.0,7470.0,7.0,9.53,47.17
212,Guzet,France,2100.0,1100.0,31.0,20.0,14.0,6.0,40.0,Yes,No,11.0,4.0,0.0,15.0,11130.0,100.0,9.53,47.17
213,Schetteregg-Egg,Austria,1325.0,1070.0,32.0,3.0,6.0,1.0,10.0,Yes,No,7.0,1.0,0.0,8.0,6642.0,6.0,9.53,47.17
214,Fichtelberg-Oberwiesenthal,Germany,1215.0,911.0,26.0,6.0,6.0,2.0,15.0,Yes,Yes,6.0,2.0,1.0,9.0,7384.0,141.0,9.53,47.17
215,Bellwald,Switzerland,1600.0,1204.0,45.0,9.0,21.0,6.0,36.0,Yes,No,3.0,2.0,1.0,6.0,4620.0,26.0,9.53,47.17
216,Dry slopes Dayz Søhøjlandets Skicenter,Denmark,100.0,80.0,36.0,0.0,0.0,0.0,0.0,no report,No,0.0,0.0,0.0,0.0,0.0,0.0,9.53,47.17
217,Indoor ski area Skidome Denmark – Randers (planned),Denmark,120.0,10.0,0.0,1.0,1.0,1.0,3.0,no report,No,0.0,0.0,0.0,0.0,0.0,0.0,9.53,47.17
218,Dry slopes Indoorski – Rødovre,Denmark,53.0,50.0,0.0,0.0,0.0,0.0,0.0,no report,No,0.0,0.0,0.0,0.0,0.0,0.0,9.53,47.17
219,Dry slopes Ski Arena – Aarhus,Denmark,23.0,20.0,0.0,0.0,0.0,0.0,0.0,no report,No,0.0,0.0,0.0,0.0,0.0,0.0,9.53,47.17
220,Copenhagen (planned),Denmark,0.0,0.0,0.0,0.0,0.0,0.0,0.0,no report,No,0.0,0.0,0.0,0.0,0.0,0.0,9.53,47.17
221,Østerlars (Bornholm),Denmark,110.0,72.0,18.0,0.0,0.0,0.0,0.0,no report,No,0.0,0.0,0.0,0.0,1220.0,0.0,9.53,47.17
222,Hoch Hylkedal – Kolding,Denmark,45.0,20.0,15.0,0.0,0.0,0.0,0.0,no report,No,0.0,0.0,0.0,0.0,600.0,0.0,9.53,47.17
223,Klewenalp-​Stockhütte-Beckenried-​Emmetten,Switzerland,1200.0,436.0,45.0,15.0,25.0,0.0,40.0,No,No,9.0,3.0,2.0,14.0,13394.0,0.0,9.53,47.17
224,Schöneck-Skiwelt-,Germany,760.0,620.0,20.0,1.0,1.0,0.0,3.0,Yes,Yes,5.0,1.0,0.0,6.0,4324.0,16.0,9.53,47.17
225,Indoor ski area SnowWorld Landgraaf,Netherlands,210.0,150.0,42.0,0.0,0.0,0.0,1.0,Yes,Yes,10.0,9.0,0.0,19.0,5231.0,4.0,9.53,47.17
226,Štrbské Pleso,Slovakia,1840.0,1376.0,35.0,2.0,5.0,0.0,8.0,Yes,No,5.0,3.0,0.0,8.0,7700.0,52.0,9.53,47.17
227,Gaissau-Hintersee,Austria,1567.0,750.0,35.0,23.0,10.0,0.0,34.0,Yes,No,6.0,3.0,0.0,9.0,10110.0,0.0,9.53,47.17
228,Kellerjoch-Schwaz,Austria,857.0,545.0,29.0,5.0,2.0,2.0,10.0,No,No,4.0,2.0,0.0,6.0,3786.0,5.0,9.53,47.17
229,Hochrindl-Sirnitz,Austria,1886.0,1540.0,32.0,5.0,11.0,3.0,20.0,Yes,Yes,11.0,1.0,0.0,12.0,7350.0,30.0,9.53,47.17
230,La Bresse-Hohneck,France,1350.0,872.0,29.0,13.0,7.0,1.0,21.0,No,Yes,12.0,6.0,0.0,18.0,21515.0,300.0,9.53,47.17
231,Silbersattel-Steinach,Germany,842.0,590.0,19.0,2.0,1.0,0.0,4.0,Yes,No,3.0,1.0,0.0,4.0,3300.0,6.0,9.53,47.17
232,Lammeralm-Langenwang,Austria,1230.0,980.0,29.0,2.0,3.0,2.0,8.0,No,No,2.0,6.0,3.0,11.0,2800.0,24.0,9.53,47.17
233,Kitzbüheler Horn,Austria,2000.0,800.0,40.0,6.0,9.0,2.0,17.0,Yes,No,7.0,2.0,0.0,9.0,10110.0,55.0,9.53,47.17
234,Myrkdalen,Norway,1060.0,450.0,44.0,13.0,12.0,4.0,30.0,Yes,Yes,2.0,4.0,3.0,9.0,10279.0,32.0,9.53,47.17
235,Loser-Altaussee,Austria,1770.0,850.0,40.0,18.0,12.0,3.0,33.0,Yes,No,3.0,2.0,3.0,8.0,11114.0,50.0,9.53,47.17
236,Christlum-Achenkirch,Austria,1800.0,950.0,44.0,6.0,16.0,5.0,27.0,Yes,No,9.0,4.0,0.0,13.0,12843.0,0.0,9.53,47.17
237,Grasgehren-Bolgengrat,Germany,1700.0,1400.0,25.0,3.0,8.0,0.0,11.0,Yes,No,5.0,1.0,0.0,6.0,5140.0,10.0,9.53,47.17
238,Götschen-Bischofswiesen,Germany,1307.0,880.0,25.0,2.0,1.0,4.0,8.0,No,Yes,2.0,1.0,0.0,3.0,4000.0,35.0,9.53,47.17
239,Torrent-Leukerbad,Switzerland,2610.0,1411.0,46.0,3.0,26.0,16.0,47.0,Yes,No,8.0,1.0,5.0,14.0,11390.0,40.0,9.53,47.17
240,Monte Popolo-Eben im Pongau,Austria,1612.0,862.0,36.0,4.0,2.0,0.0,6.0,Yes,No,2.0,2.0,0.0,4.0,4550.0,55.0,9.53,47.17
241,Jochgrimm-Passo Oclini-,Italy,2250.0,1850.0,17.0,4.0,2.0,1.0,7.0,No,No,0.0,3.0,5.0,8.0,3540.0,20.0,9.53,47.17
242,Alpe Lusia-Moena-​Bellamonte,Italy,2340.0,1370.0,47.0,12.0,10.0,4.0,27.0,Yes,No,3.0,3.0,4.0,10.0,16280.0,0.0,9.53,47.17
243,Unternberg-Ruhpolding-,Germany,1417.0,710.0,20.0,1.0,1.0,0.0,2.0,No,Yes,3.0,1.0,0.0,4.0,3350.0,15.0,9.53,47.17
244,Diavolezza-​Lagalb,Switzerland,3006.0,2091.0,59.0,0.0,21.0,10.0,31.0,No,No,9.0,2.0,0.0,11.0,3970.0,20.0,9.53,47.17
245,Kubínska hoľa,Slovakia,1396.0,720.0,26.0,2.0,10.0,2.0,14.0,Yes,No,2.0,1.0,2.0,5.0,11480.0,60.0,9.53,47.17
246,Gålå,Norway,1148.0,800.0,43.0,13.0,5.0,1.0,19.0,Yes,Yes,7.0,1.0,0.0,8.0,7600.0,50.0,9.53,47.17
247,Kvitfjell,Norway,1039.0,185.0,45.0,19.0,10.0,5.0,34.0,Yes,Yes,14.0,2.0,0.0,16.0,17952.0,90.0,9.53,47.17
248,Molines-en-Queyras-​Saint-Véran,France,2800.0,1750.0,29.0,20.0,12.0,1.0,33.0,No,No,9.0,5.0,0.0,14.0,12290.0,0.0,9.53,47.17
249,Tatranská Lomnica,Slovakia,2190.0,888.0,35.0,5.0,5.0,1.0,11.0,No,No,3.0,1.0,0.0,4.0,12480.0,216.0,9.53,47.17
250,Kanin-Sella Nevea-​Bovec,Slovenia,1103.0,460.0,35.0,4.0,6.0,0.0,10.0,No,No,3.0,4.0,4.0,11.0,11670.0,0.0,9.53,47.17
251,Postwiesen Skidorf-Neuastenberg,Germany,730.0,605.0,26.0,3.0,3.0,1.0,8.0,Yes,Yes,8.0,1.0,0.0,9.0,6762.0,23.0,9.53,47.17
252,Oberjoch-Bad Hindelang-– Iseler,Germany,1559.0,1130.0,38.0,6.0,24.0,2.0,32.0,Yes,Yes,2.0,4.0,0.0,6.0,12388.0,70.0,9.53,47.17
253,Mönichkirchen-​Mariensee,Austria,1450.0,870.0,35.0,5.0,6.0,2.0,13.0,Yes,No,3.0,3.0,0.0,6.0,6741.0,80.0,9.53,47.17
254,Grächen,Switzerland,2864.0,1619.0,48.0,9.0,31.0,2.0,42.0,No,No,9.0,5.0,1.0,15.0,13860.0,0.0,9.53,47.17
255,Puigmal,France,2700.0,1830.0,0.0,9.0,15.0,7.0,32.0,No,No,11.0,2.0,0.0,13.0,11865.0,0.0,9.53,47.17
256,Kranzberg-Mittenwald,Germany,1350.0,980.0,29.0,6.0,7.0,2.0,15.0,Yes,Yes,9.0,1.0,0.0,10.0,5850.0,8.0,9.53,47.17
257,Wetterstein lifts-Wettersteinbahnen-– Ehrwald,Austria,1530.0,1000.0,43.0,15.0,5.0,3.0,23.0,Yes,No,6.0,4.0,0.0,10.0,5425.0,33.0,9.53,47.17
258,Stuhleck-Spital am Semmering,Austria,1774.0,777.0,42.0,18.0,6.0,0.0,24.0,Yes,Yes,7.0,2.0,0.0,9.0,14400.0,240.0,9.53,47.17
259,Glacier 3000 / Les Diablerets,Switzerland,3016.0,1343.0,54.0,9.0,3.0,12.0,25.0,Yes,No,4.0,3.0,3.0,10.0,10260.0,0.0,9.53,47.17
260,Rossfeld - Berchtesgaden - Oberau,Germany,1554.0,1300.0,20.0,7.0,1.0,0.0,8.0,Yes,Yes,4.0,0.0,0.0,4.0,3229.0,0.0,9.53,47.17
261,Les Arcs /​ Peisey-Vallandry (Paradiski),France,3226.0,1200.0,50.0,104.0,70.0,26.0,200.0,Yes,Yes,17.0,27.0,8.0,52.0,82641.0,793.0,9.53,47.17
262,Tignes - ​Val d'Isère,France,3456.0,1550.0,56.0,170.0,78.0,52.0,300.0,Yes,No,33.0,42.0,11.0,86.0,145461.0,848.0,9.53,47.17
263,Livigno – Carosello/​Mottolino,Italy,2798.0,1816.0,46.0,30.0,65.0,20.0,115.0,Yes,Yes,25.0,13.0,6.0,44.0,50850.0,0.0,9.53,47.17
264,Courchevel (Les 3 Vallées),France,3230.0,1110.0,61.0,312.0,216.0,72.0,600.0,Yes,Yes,62.0,63.0,40.0,165.0,250860.0,2383.0,9.53,47.17
265,Les Gets (Les Portes du Soleil),France,2466.0,1000.0,51.0,310.0,210.0,60.0,580.0,Yes,Yes,89.0,74.0,11.0,174.0,252280.0,1074.0,9.53,47.17
266,Avoriaz (Les Portes du Soleil),France,2466.0,1000.0,51.0,310.0,210.0,60.0,580.0,Yes,Yes,89.0,74.0,11.0,174.0,252280.0,1074.0,9.53,47.17
267,Châtel (Les Portes du Soleil),France,2466.0,1000.0,51.0,310.0,210.0,60.0,580.0,Yes,Yes,89.0,74.0,11.0,174.0,252280.0,1074.0,9.53,47.17
268,Kitzbühel / Kirchberg (KitzSki),Austria,2000.0,800.0,55.0,101.0,61.0,17.0,179.0,Yes,Yes,15.0,28.0,11.0,54.0,92510.0,1102.0,9.53,47.17
269,Obergurgl-Hochgurgl,Austria,3082.0,1793.0,50.0,35.0,55.0,20.0,110.0,Yes,Yes,13.0,7.0,8.0,28.0,38861.0,320.0,9.53,47.17
270,Hafjell,Norway,1030.0,195.0,45.0,33.0,7.0,4.0,44.0,Yes,Yes,14.0,3.0,1.0,18.0,21060.0,150.0,9.53,47.17
271,Voss,Norway,960.0,284.0,43.0,25.0,4.0,11.0,40.0,Yes,No,7.0,4.0,0.0,11.0,11900.0,40.0,9.53,47.17
272,Kaunertal Glacier (Kaunertaler Gletscher),Austria,3108.0,2180.0,43.0,14.0,4.0,2.0,21.0,No,No,6.0,2.0,1.0,9.0,13200.0,0.0,9.53,47.17
273,Geilosiden Geilo,Norway,1178.0,800.0,44.0,18.0,12.0,4.0,34.0,Yes,Yes,18.0,6.0,0.0,24.0,14225.0,100.0,9.53,47.17
274,Ski Juwel Alpbachtal Wildschönau,Austria,2025.0,830.0,46.0,25.0,53.0,13.0,93.0,Yes,Yes,32.0,7.0,8.0,47.0,52789.0,294.0,9.53,47.17
275,Reither Kogel-Reith im Alpbachtal,Austria,1280.0,670.0,46.0,1.0,3.0,0.0,4.0,No,Yes,4.0,0.0,1.0,5.0,4070.0,0.0,9.53,47.17
276,Ellmau (SkiWelt Wilder Kaiser-Brixental),Austria,1957.0,620.0,49.0,122.0,129.0,33.0,284.0,Yes,Yes,54.0,35.0,16.0,105.0,147250.0,1700.0,9.53,47.17
277,Westendorf (SkiWelt Wilder Kaiser-Brixental),Austria,1957.0,620.0,49.0,122.0,129.0,33.0,284.0,Yes,Yes,54.0,35.0,16.0,105.0,147250.0,1700.0,9.53,47.17
278,Söll (SkiWelt Wilder Kaiser-Brixental),Austria,1957.0,620.0,49.0,122.0,129.0,33.0,284.0,Yes,Yes,54.0,35.0,16.0,105.0,147250.0,1700.0,9.53,47.17
279,Kitzsteinhorn - Kaprun,Austria,3029.0,1978.0,50.0,13.0,25.0,3.0,41.0,Yes,No,5.0,5.0,7.0,17.0,33598.0,105.0,9.53,47.17
280,Saint Martin de Belleville (Les 3 Vallées),France,3230.0,1110.0,61.0,312.0,216.0,72.0,600.0,Yes,Yes,62.0,63.0,40.0,165.0,250860.0,2383.0,9.53,47.17
281,La Plagne (Paradiski),France,3167.0,1207.0,50.0,139.0,59.0,27.0,225.0,Yes,No,56.0,32.0,12.0,100.0,136733.0,417.0,9.53,47.17
282,Schladming (4-Berge-Skischauke),Austria,2015.0,745.0,52.0,46.0,68.0,8.0,123.0,Yes,Yes,16.0,20.0,10.0,46.0,71842.0,600.0,9.53,47.17
283,Alpe d'Huez,France,3330.0,1125.0,51.0,70.0,130.0,50.0,250.0,Yes,Yes,27.0,21.0,20.0,68.0,92097.0,963.0,9.53,47.17
284,Formigal,Spain,2251.0,1501.0,44.0,47.0,70.0,20.0,137.0,Yes,No,9.0,11.0,0.0,20.0,29450.0,440.0,9.53,47.17
285,Axamer Lizum,Austria,2340.0,1580.0,38.0,7.0,21.0,2.0,30.0,Yes,No,3.0,6.0,1.0,10.0,13322.0,0.0,9.53,47.17
286,Bansko,Bulgaria,2560.0,990.0,30.0,20.0,24.0,3.0,48.0,Yes,Yes,7.0,8.0,2.0,17.0,24233.0,380.0,9.53,47.17
287,Baqueira / ​Beret,Spain,2510.0,1471.0,50.0,79.0,52.0,19.0,150.0,Yes,No,14.0,19.0,2.0,35.0,53997.0,629.0,9.53,47.17
288,Hochkönig-Maria Alm/​Dienten/​Mühlbach,Austria,1900.0,800.0,52.0,52.0,41.0,19.0,112.0,Yes,Yes,21.0,9.0,5.0,35.0,49232.0,520.0,9.53,47.17
289,Bonneval sur Arc,France,3000.0,1850.0,28.0,13.0,11.0,1.0,25.0,No,No,8.0,3.0,0.0,11.0,8213.0,0.0,9.53,47.17
290,Brauneck Lenggries ​Wegscheid,Germany,1712.0,700.0,35.0,8.0,22.0,4.0,34.0,No,Yes,16.0,4.0,1.0,21.0,19100.0,0.0,9.53,47.17
291,Brunni - Engelberg,Switzerland,2040.0,1050.0,38.0,2.0,3.0,2.0,7.0,No,No,3.0,1.0,1.0,5.0,2577.0,0.0,9.53,47.17
292,Madonna di Campiglio-​Pinzolo-​Folgàrida-​Marilleva,Italy,2504.0,770.0,50.0,60.0,68.0,22.0,150.0,Yes,Yes,14.0,34.0,17.0,65.0,102340.0,0.0,9.53,47.17
293,Le Lys - Cauterets,France,1360.0,932.0,37.0,21.0,12.0,3.0,36.0,Yes,No,6.0,4.0,1.0,11.0,13038.0,0.0,9.53,47.17
294,Pont d'Espagne - Cauterets,France,1756.0,1516.0,35.0,3.0,1.0,0.0,4.0,No,No,2.0,1.0,1.0,4.0,4150.0,0.0,9.53,47.17
295,Cervinia,Switzerland,3899.0,1562.0,81.0,75.0,220.0,27.0,322.0,Yes,No,21.0,22.0,20.0,63.0,93464.0,1060.0,9.53,47.17
296,Grands Montets-Argentière (Chamonix),France,3275.0,1252.0,62.0,6.0,9.0,14.0,29.0,Yes,No,1.0,4.0,4.0,9.0,15756.0,0.0,9.53,47.17
297,Balme-​Les Autannes-Vallorcine-​Le Tour,France,2270.0,1453.0,51.0,13.0,16.0,0.0,29.0,Yes,No,8.0,2.0,2.0,12.0,14860.0,0.0,9.53,47.17
298,Crans-Montana,Switzerland,1510.0,540.0,60.0,55.0,70.0,15.0,140.0,Yes,No,12.0,6.0,5.0,23.0,29500.0,0.0,9.53,47.17
299,Rinerhorn (Davos Klosters),Switzerland,2490.0,1454.0,48.0,10.0,22.0,8.0,40.0,Yes,No,6.0,0.0,1.0,7.0,6900.0,14.0,9.53,47.17
300,Jakobshorn (Davos Klosters),Switzerland,2590.0,1540.0,58.0,25.0,13.0,2.0,41.0,Yes,No,5.0,5.0,3.0,13.0,15800.0,140.0,9.53,47.17
301,Pischa (Davos Klosters),Switzerland,2483.0,1800.0,40.0,0.0,0.0,0.0,0.0,No,No,0.0,0.0,1.0,1.0,800.0,0.0,9.53,47.17
302,Madrisa (Davos Klosters),Switzerland,2611.0,1142.0,52.0,6.0,9.0,9.0,26.0,Yes,No,7.0,2.0,1.0,10.0,6640.0,9.0,9.53,47.17
303,Cortina d'Ampezzo,Italy,2924.0,1224.0,52.0,45.0,55.0,20.0,120.0,Yes,No,8.0,26.0,6.0,40.0,48089.0,130.0,9.53,47.17
304,St. Moritz - Corviglia,Switzerland,3057.0,1720.0,69.0,42.0,79.0,34.0,155.0,Yes,No,11.0,12.0,5.0,28.0,31220.0,170.0,9.53,47.17
305,Espace Diamant-Les Saisies/​Notre-Dame-de-Bellecombe/​Praz sur Arly/​Flumet/​Crest-Voland,France,2069.0,1000.0,40.0,132.0,49.0,11.0,192.0,Yes,Yes,53.0,30.0,0.0,83.0,90852.0,472.0,9.53,47.17
306,Fonna Glacier,Norway,1460.0,1200.0,42.0,2.0,2.0,0.0,5.0,Yes,No,1.0,0.0,0.0,1.0,1200.0,0.0,9.53,47.17
307,Galtür,Austria,2300.0,1600.0,40.0,6.0,25.0,12.0,43.0,Yes,Yes,9.0,2.0,2.0,13.0,15442.0,133.0,9.53,47.17
308,Glencoe Mountain,United Kingdom,1070.0,360.0,35.0,7.0,10.0,7.0,24.0,No,No,6.0,2.0,0.0,8.0,5800.0,0.0,9.53,47.17
309,Golm,Austria,2110.0,650.0,48.0,13.0,12.0,1.0,26.0,No,No,4.0,4.0,3.0,11.0,16240.0,123.0,9.53,47.17
310,Grandvalira – Pas de la Casa/​Grau Roig/​Soldeu/​El Tarter/​Canillo/​Encamp,Andorra,2640.0,1710.0,47.0,100.0,77.0,33.0,210.0,Yes,Yes,37.0,28.0,7.0,72.0,99017.0,1032.0,9.53,47.17
311,El Tarter – Pas de la Casa/​Grau Roig/​Soldeu/​Canillo/​Encamp (Grandvalira),Andorra,2640.0,1710.0,47.0,100.0,77.0,33.0,210.0,Yes,Yes,37.0,28.0,7.0,72.0,99017.0,1032.0,9.53,47.17
312,Gresse en Vercors,France,1751.0,1245.0,19.0,8.0,7.0,5.0,20.0,Yes,No,10.0,1.0,0.0,11.0,6808.0,51.0,9.53,47.17
313,Wasserngrat (Gstaad),Switzerland,1900.0,1275.0,54.0,3.0,3.0,2.0,9.0,No,No,0.0,1.0,0.0,1.0,900.0,0.0,9.53,47.17
314,Wispile (Gstaad),Switzerland,1941.0,1046.0,54.0,3.0,3.0,1.0,8.0,No,Yes,3.0,0.0,2.0,5.0,3601.0,0.0,9.53,47.17
315,Heiti - Gsteig (Gstaad),Switzerland,1370.0,1227.0,54.0,0.0,0.0,0.0,1.0,No,No,1.0,0.0,0.0,1.0,600.0,0.0,9.53,47.17
316,Arosa Lenzerheide,Switzerland,2865.0,1229.0,63.0,111.0,87.0,27.0,225.0,Yes,Yes,24.0,18.0,8.0,50.0,63936.0,0.0,9.53,47.17
317,Villars -​ Gryon / Les Diablerets,Switzerland,2120.0,1224.0,54.0,51.0,45.0,4.0,100.0,Yes,No,20.0,9.0,4.0,33.0,38905.0,0.0,9.53,47.17
318,Verbier (4 Vallées),Switzerland,3330.0,821.0,66.0,107.0,202.0,103.0,412.0,Yes,Yes,39.0,17.0,19.0,75.0,85022.0,0.0,9.53,47.17
319,Nendaz (4 Vallées),Switzerland,3330.0,821.0,66.0,107.0,202.0,103.0,412.0,Yes,Yes,39.0,17.0,19.0,75.0,85022.0,0.0,9.53,47.17
320,Thyon (4 Vallées),Switzerland,3330.0,821.0,66.0,107.0,202.0,103.0,412.0,Yes,Yes,39.0,17.0,19.0,75.0,85022.0,0.0,9.53,47.17
321,Veysonnaz (4 Vallées),Switzerland,3330.0,821.0,66.0,107.0,202.0,103.0,412.0,Yes,Yes,39.0,17.0,19.0,75.0,85022.0,0.0,9.53,47.17
322,Ischgl,Austria,2872.0,1377.0,52.0,47.0,142.0,49.0,238.0,Yes,No,13.0,25.0,7.0,45.0,88215.0,1200.0,9.53,47.17
323,Kleine Scheidegg / ​Männlichen-Grindelwald / ​Wengen,Switzerland,2320.0,944.0,55.0,33.0,56.0,13.0,102.0,No,No,10.0,10.0,6.0,26.0,29250.0,0.0,9.53,47.17
324,Kranjska Gora,Slovenia,1215.0,800.0,33.0,10.0,8.0,2.0,20.0,Yes,Yes,15.0,5.0,0.0,20.0,17774.0,0.0,9.53,47.17
325,Kuühtai,Austria,2520.0,1938.0,37.0,6.0,26.0,8.0,41.0,Yes,Yes,6.0,5.0,1.0,12.0,17254.0,80.0,9.53,47.17
326,La Grave - La Meije,France,3534.0,1470.0,49.0,3.0,0.0,0.0,3.0,No,No,1.0,0.0,2.0,3.0,1460.0,0.0,9.53,47.17
327,Espace San Bernardo – La Rosière/​La Thuile,France,2641.0,1176.0,43.0,55.0,83.0,22.0,160.0,Yes,No,21.0,18.0,1.0,40.0,53669.0,0.0,9.53,47.17
328,La Thuile / La Rosière - Espace San Bernardo,Italy,2641.0,1176.0,43.0,55.0,83.0,22.0,160.0,Yes,No,21.0,18.0,1.0,40.0,53669.0,0.0,9.53,47.17
329,La Tania-Val Thorens/​Les Menuires/​Méribel (Les 3 Vallées),France,3230.0,1110.0,61.0,312.0,216.0,72.0,600.0,Yes,Yes,62.0,63.0,40.0,165.0,250860.0,2383.0,9.53,47.17
330,The Lecht,United Kingdom,775.0,637.0,33.0,5.0,9.0,4.0,18.0,Yes,Yes,12.0,1.0,0.0,13.0,9750.0,0.0,9.53,47.17
331,Les Deux alpes,France,3560.0,1280.0,49.0,110.0,56.0,34.0,200.0,Yes,Yes,26.0,21.0,7.0,54.0,72334.0,224.0,9.53,47.17
332,Les Contamines-​Hauteluce,France,2437.0,1164.0,39.0,40.0,60.0,20.0,120.0,No,Yes,12.0,8.0,4.0,24.0,33972.0,0.0,9.53,47.17
333,Les Orres,France,2720.0,1550.0,35.0,30.0,60.0,10.0,100.0,Yes,No,11.0,9.0,0.0,20.0,21020.0,190.0,9.53,47.17
334,Courmayeur / Chécrouit -​ Val Veny,Italy,2755.0,1205.0,46.0,16.0,21.0,4.0,41.0,Yes,No,4.0,8.0,6.0,18.0,24497.0,280.0,9.53,47.17
335,Zermatt - Matterhorn,Switzerland,3899.0,1562.0,81.0,75.0,220.0,27.0,322.0,Yes,No,21.0,22.0,20.0,63.0,93464.0,1060.0,9.53,47.17
336,Mayrhofen-Penken/​Ahorn/​Rastkogel/​Eggalm,Austria,2500.0,630.0,52.0,40.0,66.0,30.0,136.0,Yes,No,31.0,17.0,9.0,57.0,82432.0,286.0,9.53,47.17
337,Nevis Range,United Kingdom,655.0,91.0,36.0,7.0,10.0,3.0,20.0,No,No,8.0,3.0,1.0,12.0,10350.0,0.0,9.53,47.17
338,Obertauern,Austria,2313.0,1630.0,46.0,61.0,35.0,4.0,100.0,Yes,Yes,11.0,18.0,2.0,31.0,50797.0,280.0,9.53,47.17
339,Levi,Finland,531.0,206.0,43.0,15.0,19.0,2.0,37.0,Yes,Yes,25.0,2.0,2.0,29.0,30110.0,267.0,9.53,47.17
340,Ruka,Finland,492.0,291.0,43.0,9.0,7.0,2.0,18.0,Yes,Yes,17.0,5.0,0.0,22.0,22915.0,70.0,9.53,47.17
341,Hedelands Skicenter,Denmark,78.0,33.0,17.0,0.0,0.0,0.0,0.0,no report,No,0.0,0.0,0.0,0.0,1600.0,4.0,9.53,47.17
342,Saalbach Hinterglemm Leogang Fieberbrunn (Skicircus),Austria,2096.0,830.0,53.0,140.0,112.0,18.0,270.0,Yes,Yes,21.0,22.0,28.0,71.0,135104.0,927.0,9.53,47.17
343,Fieberbrunn - Saalbach Hinterglemm Leogang (Skicircus),Austria,2096.0,830.0,53.0,140.0,112.0,18.0,270.0,Yes,Yes,21.0,22.0,28.0,71.0,135104.0,927.0,9.53,47.17
344,Saas-Fee,Switzerland,3573.0,1800.0,63.0,20.0,60.0,20.0,100.0,Yes,No,14.0,2.0,9.0,25.0,25160.0,102.0,9.53,47.17
345,Sainte-Foy-Tarentaise,France,2620.0,1550.0,31.0,10.0,25.0,6.0,41.0,No,No,2.0,4.0,0.0,6.0,7100.0,10.0,9.53,47.17
346,Val Senales Glacier,Italy,3212.0,2011.0,44.0,8.0,7.0,11.0,27.0,Yes,No,6.0,6.0,2.0,14.0,15838.0,0.0,9.53,47.17
347,Serfaus-Fiss-Ladis,Austria,2820.0,1200.0,49.0,47.0,123.0,28.0,198.0,Yes,Yes,40.0,16.0,12.0,68.0,78460.0,1250.0,9.53,47.17
348,Serre Chevalier-Briançon/​Chantemerle/​Villeneuve-la-Salle/​Le Monêtier-les-Bains,France,2800.0,1200.0,49.0,138.0,80.0,32.0,250.0,Yes,Yes,33.0,21.0,7.0,61.0,72066.0,575.0,9.53,47.17
349,Sestriere ski resort (Via Lattea),Italy,2749.0,1372.0,48.0,96.0,220.0,84.0,400.0,No,Yes,29.0,35.0,7.0,71.0,96433.0,0.0,9.53,47.17
350,Silvretta Montafon,Austria,2430.0,700.0,53.0,60.0,45.0,8.0,113.0,Yes,No,25.0,18.0,10.0,53.0,67472.0,330.0,9.53,47.17
351,Wagrain (Ski amedé),Austria,1980.0,740.0,52.0,30.0,81.0,4.0,115.0,Yes,No,22.0,16.0,11.0,49.0,75398.0,600.0,9.53,47.17
352,Flachau (Ski amedé),Austria,1980.0,740.0,52.0,30.0,81.0,4.0,115.0,Yes,No,22.0,16.0,11.0,49.0,75398.0,600.0,9.53,47.17
353,Valchiavenna – Madesimo/​Campodolcino,Italy,1550.0,1082.0,39.0,13.0,28.0,5.0,48.0,Yes,Yes,1.0,9.0,3.0,13.0,26060.0,0.0,9.53,47.17
354,St. Anton (Ski Arlberg),Austria,2811.0,1270.0,53.0,130.0,123.0,51.0,304.0,Yes,No,53.0,45.0,15.0,113.0,145127.0,747.0,9.53,47.17
355,Lech (Ski Arlberg),Austria,2811.0,1270.0,53.0,130.0,123.0,51.0,304.0,Yes,No,53.0,45.0,15.0,113.0,145127.0,747.0,9.53,47.17
356,Zürs (Ski Arlberg),Austria,2811.0,1270.0,53.0,130.0,123.0,51.0,304.0,Yes,No,53.0,45.0,15.0,113.0,145127.0,747.0,9.53,47.17
357,St. Christoph (Ski Arlberg),Austria,2811.0,1270.0,53.0,130.0,123.0,51.0,304.0,Yes,No,53.0,45.0,15.0,113.0,145127.0,747.0,9.53,47.17
358,Sierra Nevada-Pradollano,Spain,3282.0,2100.0,47.0,50.0,49.0,7.0,107.0,Yes,Yes,5.0,14.0,2.0,21.0,59205.0,350.0,9.53,47.17
359,St. Johann in Tirol,Austria,1604.0,659.0,44.0,16.0,23.0,3.0,43.0,No,Yes,12.0,4.0,4.0,20.0,21100.0,260.0,9.53,47.17
360,Bad Gastein,Austria,2300.0,860.0,52.0,30.0,52.0,2.0,86.0,Yes,No,10.0,9.0,7.0,26.0,32699.0,800.0,9.53,47.17
361,Kronplatz (Plan de Corones),Italy,2275.0,973.0,54.0,52.0,42.0,25.0,119.0,Yes,Yes,6.0,5.0,21.0,32.0,71205.0,450.0,9.53,47.17
362,Gargellen,Austria,2300.0,1423.0,47.0,20.0,5.0,2.0,28.0,Yes,No,5.0,3.0,1.0,9.0,10650.0,83.0,9.53,47.17
363,Hochschwarzeck,Germany,1385.0,1030.0,22.0,4.0,0.0,0.0,4.0,No,No,3.0,1.0,0.0,4.0,2880.0,0.0,9.53,47.17
364,Arcalís-Ordino (Vallnord),Andorra,2625.0,1940.0,37.0,13.0,14.0,3.0,30.0,Yes,No,10.0,4.0,1.0,15.0,14240.0,106.0,9.53,47.17
365,Hemsedal,Norway,1450.0,620.0,46.0,29.0,10.0,4.0,44.0,Yes,Yes,15.0,6.0,0.0,21.0,22921.0,325.0,9.53,47.17
366,Sölden,Austria,3340.0,1350.0,53.0,70.0,44.0,29.0,144.0,Yes,Yes,12.0,16.0,8.0,36.0,70370.0,363.0,9.53,47.17
367,Stubai Glacier,Austria,3212.0,1697.0,46.0,19.0,15.0,4.0,38.0,Yes,No,14.0,7.0,5.0,26.0,39784.0,69.0,9.53,47.17
368,Elfer Neustift,Austria,2080.0,981.0,29.0,0.0,7.0,0.0,7.0,No,No,3.0,0.0,1.0,4.0,2980.0,0.0,9.53,47.17
369,Val Gardena,Italy,2518.0,1236.0,54.0,52.0,105.0,18.0,175.0,Yes,No,29.0,41.0,14.0,84.0,121914.0,630.0,9.53,47.17
370,Val Thorens (Les 3 Vallées),France,3230.0,1110.0,61.0,312.0,216.0,72.0,600.0,Yes,Yes,62.0,63.0,40.0,165.0,250860.0,2383.0,9.53,47.17
371,Montgenèvre (Via Lattea),France,2749.0,1372.0,48.0,96.0,220.0,84.0,400.0,No,Yes,29.0,35.0,7.0,71.0,96433.0,0.0,9.53,47.17
372,Sauze d’Oulx (Via Lattea),Italy,2749.0,1372.0,48.0,96.0,220.0,84.0,400.0,No,Yes,29.0,35.0,7.0,71.0,96433.0,0.0,9.53,47.17
373,Gressoney - La-Trinite (Monterosa Ski),Italy,3275.0,1212.0,43.0,23.0,94.0,15.0,132.0,Yes,No,9.0,9.0,12.0,30.0,31984.0,655.0,9.53,47.17
374,Champoluc (Monterosa Ski),Italy,3275.0,1212.0,43.0,23.0,94.0,15.0,132.0,Yes,No,9.0,9.0,12.0,30.0,31984.0,655.0,9.53,47.17
375,Zauchensee,Austria,2188.0,1000.0,52.0,23.0,16.0,4.0,44.0,Yes,No,9.0,6.0,4.0,19.0,25988.0,113.0,9.53,47.17
376,,Belarus,,,,,,,,,,,,,,,,9.53,47.17
377,,Iceland,,,,,,,,,,,,,,,,9.53,47.17
378,,Portugal,,,,,,,,,,,,,,,,9.53,47.17
379,,Hungary,,,,,,,,,,,,,,,,9.53,47.17
380,,Ireland,,,,,,,,,,,,,,,,9.53,47.17
381,,Latvia,,,,,,,,,,,,,,,,9.53,47.17
382,,Croatia,,,,,,,,,,,,,,,,9.53,47.17
383,,Estonia,,,,,,,,,,,,,,,,9.53,47.17
384,,Moldova,,,,,,,,,,,,,,,,9.53,47.17
385,,Belgium,,,,,,,,,,,,,,,,9.53,47.17
386,,Albania,,,,,,,,,,,,,,,,9.53,47.17
387,,Macedonia,,,,,,,,,,,,,,,,9.53,47.17
388,,Montenegro,,,,,,,,,,,,,,,,9.53,47.17
389,,Cyprus,,,,,,,,,,,,,,,,9.53,47.17
390,,Luxembourg,,,,,,,,,,,,,,,,9.53,47.17
391,,Faroe Is.,,,,,,,,,,,,,,,,9.53,47.17
392,,Malta,,,,,,,,,,,,,,,,9.53,47.17
393,,Guernsey,,,,,,,,,,,,,,,,-2.33,49.58
394,,San Marino,,,,,,,,,,,,,,,,12.42,43.93
395,,Gibraltar,,,,,,,,,,,,,,,,-5.35,36.13
396,,Monaco,,,,,,,,,,,,,,,,7.42,43.73
397,,Vatican City,,,,,,,,,,,,,,,,12.45,41.9
